e,NFEM,NFEMNet,NADD,DoFsFEM,DoFsFEMNet,DoFsADD,TimesFEM,TimesFEMNet,TimesADD,TimesFEMPrev
0.001,,51,33,,33204,13764,,0.5574262383737068,0.30881832062658743,1.292811705494704
0.0001,,108,74,,150339,70303,,2.8156788314686234,1.7775055452115087,4.755800508153235
1e-05,,231,162,,690924,339231,,13.840937790456705,6.4154683957238,20.33924572932439
