N_dofs,error
256,0.3937193363727474
1024,0.13703714128203012
4096,0.03661644419830118
16384,0.009239590379860845
