N_dofs,error
256,0.01838154311958964
1024,0.005203934223791607
4096,0.0013784339488544489
16384,0.0003472811724592041
